"rules","support","confidence","lift","count"
"{liquor,red/blush wine} => {bottled beer}",0.00193187595322827,0.904761904761905,11.2352693602694,19
"{citrus fruit,fruit/vegetable juice,other vegetables,soda} => {root vegetables}",0.00101677681748856,0.909090909090909,8.34040027137042,10
"{oil,other vegetables,tropical fruit,whole milk,yogurt} => {root vegetables}",0.00101677681748856,0.909090909090909,8.34040027137042,10
"{citrus fruit,fruit/vegetable juice,grapes} => {tropical fruit}",0.00111845449923742,0.846153846153846,8.06387895050686,11
"{other vegetables,rice,whole milk,yogurt} => {root vegetables}",0.00132180986273513,0.866666666666667,7.9511815920398,13
"{oil,other vegetables,tropical fruit,whole milk} => {root vegetables}",0.00132180986273513,0.866666666666667,7.9511815920398,13
"{ham,other vegetables,pip fruit,yogurt} => {tropical fruit}",0.00101677681748856,0.833333333333333,7.94169896640827,10
"{beef,citrus fruit,other vegetables,tropical fruit} => {root vegetables}",0.00101677681748856,0.833333333333333,7.64536691542289,10
"{butter,cream cheese,root vegetables} => {yogurt}",0.00101677681748856,0.909090909090909,6.51669758812616,10
"{butter,sliced cheese,tropical fruit,whole milk} => {yogurt}",0.00101677681748856,0.909090909090909,6.51669758812616,10
"{cream cheese,curd,other vegetables,whipped/sour cream} => {yogurt}",0.00101677681748856,0.909090909090909,6.51669758812616,10
"{butter,other vegetables,tropical fruit,white bread} => {yogurt}",0.00101677681748856,0.909090909090909,6.51669758812616,10
"{pip fruit,sausage,sliced cheese} => {yogurt}",0.00122013218098627,0.857142857142857,6.14431486880467,12
"{butter,curd,tropical fruit,whole milk} => {yogurt}",0.00122013218098627,0.857142857142857,6.14431486880467,12
"{butter,tropical fruit,white bread} => {yogurt}",0.00111845449923742,0.846153846153846,6.06554160125589,11
"{butter,margarine,tropical fruit} => {yogurt}",0.00111845449923742,0.846153846153846,6.06554160125589,11
"{cream cheese,curd,whipped/sour cream,whole milk} => {yogurt}",0.00111845449923742,0.846153846153846,6.06554160125589,11
"{cream cheese,margarine,whipped/sour cream} => {yogurt}",0.00101677681748856,0.833333333333333,5.97363945578231,10
"{beef,butter,tropical fruit} => {yogurt}",0.00101677681748856,0.833333333333333,5.97363945578231,10
"{fruit/vegetable juice,pork,tropical fruit} => {yogurt}",0.00101677681748856,0.833333333333333,5.97363945578231,10
"{butter,curd,other vegetables,tropical fruit} => {yogurt}",0.00101677681748856,0.833333333333333,5.97363945578231,10
"{margarine,root vegetables,tropical fruit,whole milk} => {yogurt}",0.00101677681748856,0.833333333333333,5.97363945578231,10
"{butter milk,other vegetables,pastry} => {yogurt}",0.00122013218098627,0.8,5.73469387755102,12
"{fruit/vegetable juice,pastry,whipped/sour cream} => {yogurt}",0.00122013218098627,0.8,5.73469387755102,12
"{citrus fruit,root vegetables,soft cheese} => {other vegetables}",0.00101677681748856,1,5.16815554387809,10
"{brown bread,pip fruit,whipped/sour cream} => {other vegetables}",0.00111845449923742,1,5.16815554387809,11
"{grapes,tropical fruit,whole milk,yogurt} => {other vegetables}",0.00101677681748856,1,5.16815554387809,10
"{ham,pip fruit,tropical fruit,yogurt} => {other vegetables}",0.00101677681748856,1,5.16815554387809,10
"{ham,pip fruit,tropical fruit,whole milk} => {other vegetables}",0.00111845449923742,1,5.16815554387809,11
"{butter,fruit/vegetable juice,tropical fruit,whipped/sour cream} => {other vegetables}",0.00101677681748856,1,5.16815554387809,10
"{newspapers,rolls/buns,soda,whole milk} => {other vegetables}",0.00101677681748856,1,5.16815554387809,10
"{citrus fruit,root vegetables,tropical fruit,whipped/sour cream} => {other vegetables}",0.00122013218098627,1,5.16815554387809,12
"{oil,root vegetables,whole milk,yogurt} => {other vegetables}",0.00142348754448399,0.933333333333333,4.82361184095288,14
"{citrus fruit,root vegetables,tropical fruit,whole milk,yogurt} => {other vegetables}",0.00142348754448399,0.933333333333333,4.82361184095288,14
"{butter,soda,whipped/sour cream} => {other vegetables}",0.00132180986273513,0.928571428571429,4.79900157645822,13
"{butter,pastry,pip fruit} => {other vegetables}",0.00132180986273513,0.928571428571429,4.79900157645822,13
"{rice,root vegetables,whole milk,yogurt} => {other vegetables}",0.00132180986273513,0.928571428571429,4.79900157645822,13
"{soft cheese,tropical fruit,whipped/sour cream} => {other vegetables}",0.00122013218098627,0.923076923076923,4.77060511742593,12
"{citrus fruit,cream cheese,root vegetables} => {other vegetables}",0.00122013218098627,0.923076923076923,4.77060511742593,12
"{citrus fruit,domestic eggs,whipped/sour cream,whole milk} => {other vegetables}",0.00122013218098627,0.923076923076923,4.77060511742593,12
"{grapes,onions} => {other vegetables}",0.00111845449923742,0.916666666666667,4.73747591522158,11
"{hard cheese,oil} => {other vegetables}",0.00111845449923742,0.916666666666667,4.73747591522158,11
"{dessert,tropical fruit,whipped/sour cream} => {other vegetables}",0.00111845449923742,0.916666666666667,4.73747591522158,11
"{citrus fruit,cream cheese,whipped/sour cream,whole milk} => {other vegetables}",0.00111845449923742,0.916666666666667,4.73747591522158,11
"{fruit/vegetable juice,tropical fruit,whipped/sour cream,yogurt} => {other vegetables}",0.00111845449923742,0.916666666666667,4.73747591522158,11
"{fruit/vegetable juice,herbs,whole milk} => {other vegetables}",0.00101677681748856,0.909090909090909,4.69832322170735,10
"{frankfurter,frozen meals,tropical fruit} => {other vegetables}",0.00101677681748856,0.909090909090909,4.69832322170735,10
"{hard cheese,tropical fruit,whipped/sour cream} => {other vegetables}",0.00101677681748856,0.909090909090909,4.69832322170735,10
"{butter milk,pork,whole milk} => {other vegetables}",0.00101677681748856,0.909090909090909,4.69832322170735,10
"{butter milk,fruit/vegetable juice,pip fruit} => {other vegetables}",0.00101677681748856,0.909090909090909,4.69832322170735,10
"{coffee,oil,yogurt} => {other vegetables}",0.00101677681748856,0.909090909090909,4.69832322170735,10
"{napkins,onions,root vegetables} => {other vegetables}",0.00101677681748856,0.909090909090909,4.69832322170735,10
"{hamburger meat,tropical fruit,whipped/sour cream} => {other vegetables}",0.00101677681748856,0.909090909090909,4.69832322170735,10
"{oil,root vegetables,tropical fruit,yogurt} => {other vegetables}",0.00101677681748856,0.909090909090909,4.69832322170735,10
"{butter,tropical fruit,white bread,yogurt} => {other vegetables}",0.00101677681748856,0.909090909090909,4.69832322170735,10
"{butter,root vegetables,white bread,whole milk} => {other vegetables}",0.00101677681748856,0.909090909090909,4.69832322170735,10
"{butter,soda,whipped/sour cream,whole milk} => {other vegetables}",0.00101677681748856,0.909090909090909,4.69832322170735,10
"{fruit/vegetable juice,tropical fruit,whipped/sour cream,whole milk} => {other vegetables}",0.00101677681748856,0.909090909090909,4.69832322170735,10
"{oil,root vegetables,tropical fruit,whole milk,yogurt} => {other vegetables}",0.00101677681748856,0.909090909090909,4.69832322170735,10
"{citrus fruit,root vegetables,whipped/sour cream,whole milk,yogurt} => {other vegetables}",0.00101677681748856,0.909090909090909,4.69832322170735,10
"{fruit/vegetable juice,tropical fruit,whipped/sour cream} => {other vegetables}",0.00193187595322827,0.904761904761905,4.67595025398494,19
"{ham,pip fruit,tropical fruit} => {other vegetables}",0.0016268429079817,0.888888888888889,4.59391603900274,16
"{onions,root vegetables,tropical fruit} => {other vegetables}",0.0016268429079817,0.888888888888889,4.59391603900274,16
"{citrus fruit,root vegetables,tropical fruit,whole milk} => {other vegetables}",0.00315200813421454,0.885714285714286,4.57750919600631,31
"{citrus fruit,pastry,root vegetables} => {other vegetables}",0.00152516522623284,0.882352941176471,4.56013724459831,15
"{frozen vegetables,whipped/sour cream,whole milk,yogurt} => {other vegetables}",0.00152516522623284,0.882352941176471,4.56013724459831,15
"{frozen vegetables,root vegetables,whole milk,yogurt} => {other vegetables}",0.00152516522623284,0.882352941176471,4.56013724459831,15
"{rice,root vegetables,yogurt} => {other vegetables}",0.00142348754448399,0.875,4.52213610089333,14
"{cream cheese,tropical fruit,whipped/sour cream} => {other vegetables}",0.00142348754448399,0.875,4.52213610089333,14
"{root vegetables,whipped/sour cream,white bread} => {other vegetables}",0.00142348754448399,0.875,4.52213610089333,14
"{beef,tropical fruit,whipped/sour cream} => {other vegetables}",0.00142348754448399,0.875,4.52213610089333,14
"{frozen vegetables,onions,root vegetables} => {other vegetables}",0.00132180986273513,0.866666666666667,4.47906813802768,13
"{oil,root vegetables,tropical fruit,whole milk} => {other vegetables}",0.00132180986273513,0.866666666666667,4.47906813802768,13
"{butter milk,pork} => {other vegetables}",0.00183019827147941,0.857142857142857,4.42984760903836,18
"{meat,root vegetables,yogurt} => {other vegetables}",0.00122013218098627,0.857142857142857,4.42984760903836,12
"{butter milk,pip fruit,root vegetables} => {other vegetables}",0.00122013218098627,0.857142857142857,4.42984760903836,12
"{fruit/vegetable juice,oil,tropical fruit} => {other vegetables}",0.00122013218098627,0.857142857142857,4.42984760903836,12
"{root vegetables,salty snack,yogurt} => {other vegetables}",0.00122013218098627,0.857142857142857,4.42984760903836,12
"{domestic eggs,pastry,whipped/sour cream} => {other vegetables}",0.00122013218098627,0.857142857142857,4.42984760903836,12
"{domestic eggs,pastry,root vegetables} => {other vegetables}",0.00122013218098627,0.857142857142857,4.42984760903836,12
"{brown bread,pip fruit,root vegetables,whole milk} => {other vegetables}",0.00122013218098627,0.857142857142857,4.42984760903836,12
"{citrus fruit,domestic eggs,root vegetables,whole milk} => {other vegetables}",0.00122013218098627,0.857142857142857,4.42984760903836,12
"{margarine,meat} => {other vegetables}",0.00172852058973055,0.85,4.39293221229637,17
"{oil,root vegetables,tropical fruit} => {other vegetables}",0.00172852058973055,0.85,4.39293221229637,17
"{cream cheese,curd,root vegetables} => {other vegetables}",0.00172852058973055,0.85,4.39293221229637,17
"{tropical fruit,whipped/sour cream,white bread} => {other vegetables}",0.00172852058973055,0.85,4.39293221229637,17
"{frozen fish,pip fruit,whole milk} => {other vegetables}",0.00111845449923742,0.846153846153846,4.37305469097377,11
"{herbs,root vegetables,shopping bags} => {other vegetables}",0.00111845449923742,0.846153846153846,4.37305469097377,11
"{citrus fruit,fruit/vegetable juice,oil} => {other vegetables}",0.00111845449923742,0.846153846153846,4.37305469097377,11
"{beef,root vegetables,sugar} => {other vegetables}",0.00111845449923742,0.846153846153846,4.37305469097377,11
"{long life bakery product,root vegetables,tropical fruit} => {other vegetables}",0.00111845449923742,0.846153846153846,4.37305469097377,11
"{butter,tropical fruit,white bread} => {other vegetables}",0.00111845449923742,0.846153846153846,4.37305469097377,11
"{pip fruit,pork,soda} => {other vegetables}",0.00111845449923742,0.846153846153846,4.37305469097377,11
"{pastry,root vegetables,shopping bags} => {other vegetables}",0.00111845449923742,0.846153846153846,4.37305469097377,11
"{root vegetables,whipped/sour cream,white bread,whole milk} => {other vegetables}",0.00111845449923742,0.846153846153846,4.37305469097377,11
"{beef,tropical fruit,whipped/sour cream,whole milk} => {other vegetables}",0.00111845449923742,0.846153846153846,4.37305469097377,11
"{citrus fruit,curd,root vegetables,whole milk} => {other vegetables}",0.00111845449923742,0.846153846153846,4.37305469097377,11
"{butter,domestic eggs,tropical fruit,yogurt} => {other vegetables}",0.00111845449923742,0.846153846153846,4.37305469097377,11
"{butter,root vegetables,tropical fruit,whipped/sour cream} => {other vegetables}",0.00111845449923742,0.846153846153846,4.37305469097377,11
"{newspapers,soda,tropical fruit,whole milk} => {other vegetables}",0.00111845449923742,0.846153846153846,4.37305469097377,11
"{fruit/vegetable juice,root vegetables,tropical fruit,yogurt} => {other vegetables}",0.00111845449923742,0.846153846153846,4.37305469097377,11
"{citrus fruit,rolls/buns,root vegetables,tropical fruit} => {other vegetables}",0.00111845449923742,0.846153846153846,4.37305469097377,11
"{citrus fruit,newspapers,root vegetables} => {other vegetables}",0.0016268429079817,0.842105263157895,4.35213098431839,16
"{rice,whole milk,yogurt} => {other vegetables}",0.00152516522623284,0.833333333333333,4.30679628656507,15
"{frozen fish,pip fruit,tropical fruit} => {other vegetables}",0.00101677681748856,0.833333333333333,4.30679628656507,10
"{citrus fruit,herbs,tropical fruit} => {other vegetables}",0.00101677681748856,0.833333333333333,4.30679628656507,10
"{flour,rolls/buns,root vegetables} => {other vegetables}",0.00101677681748856,0.833333333333333,4.30679628656507,10
"{domestic eggs,root vegetables,soft cheese} => {other vegetables}",0.00101677681748856,0.833333333333333,4.30679628656507,10
"{grapes,pork,whole milk} => {other vegetables}",0.00101677681748856,0.833333333333333,4.30679628656507,10
"{meat,tropical fruit,whole milk} => {other vegetables}",0.00101677681748856,0.833333333333333,4.30679628656507,10
"{candy,rolls/buns,root vegetables} => {other vegetables}",0.00101677681748856,0.833333333333333,4.30679628656507,10
"{frozen vegetables,ham,whole milk} => {other vegetables}",0.00101677681748856,0.833333333333333,4.30679628656507,10
"{butter,sugar,whipped/sour cream} => {other vegetables}",0.00101677681748856,0.833333333333333,4.30679628656507,10
"{dessert,sausage,whipped/sour cream} => {other vegetables}",0.00101677681748856,0.833333333333333,4.30679628656507,10
"{chicken,pastry,root vegetables} => {other vegetables}",0.00101677681748856,0.833333333333333,4.30679628656507,10
"{butter,root vegetables,white bread} => {other vegetables}",0.00101677681748856,0.833333333333333,4.30679628656507,10
"{butter,curd,domestic eggs} => {other vegetables}",0.00101677681748856,0.833333333333333,4.30679628656507,10
"{brown bread,sausage,whipped/sour cream} => {other vegetables}",0.00101677681748856,0.833333333333333,4.30679628656507,10
"{hard cheese,root vegetables,whipped/sour cream,whole milk} => {other vegetables}",0.00101677681748856,0.833333333333333,4.30679628656507,10
"{onions,root vegetables,tropical fruit,whole milk} => {other vegetables}",0.00101677681748856,0.833333333333333,4.30679628656507,10
"{butter,white bread,whole milk,yogurt} => {other vegetables}",0.00101677681748856,0.833333333333333,4.30679628656507,10
"{bottled water,frozen vegetables,root vegetables,whole milk} => {other vegetables}",0.00101677681748856,0.833333333333333,4.30679628656507,10
"{beef,citrus fruit,root vegetables,tropical fruit} => {other vegetables}",0.00101677681748856,0.833333333333333,4.30679628656507,10
"{frankfurter,pip fruit,root vegetables,whole milk} => {other vegetables}",0.00101677681748856,0.833333333333333,4.30679628656507,10
"{citrus fruit,newspapers,root vegetables,whole milk} => {other vegetables}",0.00101677681748856,0.833333333333333,4.30679628656507,10
"{butter,domestic eggs,tropical fruit,whole milk,yogurt} => {other vegetables}",0.00101677681748856,0.833333333333333,4.30679628656507,10
"{rice,yogurt} => {other vegetables}",0.00193187595322827,0.826086956521739,4.2693458840732,19
"{herbs,shopping bags} => {other vegetables}",0.00193187595322827,0.826086956521739,4.2693458840732,19
"{grapes,tropical fruit,yogurt} => {other vegetables}",0.00142348754448399,0.823529411764706,4.25612809495842,14
"{citrus fruit,onions,root vegetables} => {other vegetables}",0.00142348754448399,0.823529411764706,4.25612809495842,14
"{citrus fruit,fruit/vegetable juice,whole milk,yogurt} => {other vegetables}",0.00142348754448399,0.823529411764706,4.25612809495842,14
"{butter milk,onions} => {other vegetables}",0.00132180986273513,0.8125,4.19912637940095,13
"{citrus fruit,herbs,root vegetables} => {other vegetables}",0.00132180986273513,0.8125,4.19912637940095,13
"{semi-finished bread,tropical fruit,yogurt} => {other vegetables}",0.00132180986273513,0.8125,4.19912637940095,13
"{hard cheese,root vegetables,whipped/sour cream} => {other vegetables}",0.00132180986273513,0.8125,4.19912637940095,13
"{salty snack,tropical fruit,yogurt} => {other vegetables}",0.00132180986273513,0.8125,4.19912637940095,13
"{citrus fruit,cream cheese,whipped/sour cream} => {other vegetables}",0.00132180986273513,0.8125,4.19912637940095,13
"{brown bread,pip fruit,root vegetables} => {other vegetables}",0.00132180986273513,0.8125,4.19912637940095,13
"{bottled water,sausage,whipped/sour cream} => {other vegetables}",0.00132180986273513,0.8125,4.19912637940095,13
"{citrus fruit,fruit/vegetable juice,tropical fruit,whole milk} => {other vegetables}",0.00132180986273513,0.8125,4.19912637940095,13
"{citrus fruit,root vegetables,tropical fruit,yogurt} => {other vegetables}",0.00172852058973055,0.80952380952381,4.18374496409178,17
"{curd,turkey} => {other vegetables}",0.00122013218098627,0.8,4.13452443510247,12
"{fruit/vegetable juice,herbs} => {other vegetables}",0.00122013218098627,0.8,4.13452443510247,12
"{onions,waffles} => {other vegetables}",0.00122013218098627,0.8,4.13452443510247,12
"{root vegetables,tropical fruit,turkey} => {other vegetables}",0.00122013218098627,0.8,4.13452443510247,12
"{root vegetables,turkey,whole milk} => {other vegetables}",0.00122013218098627,0.8,4.13452443510247,12
"{grapes,root vegetables,tropical fruit} => {other vegetables}",0.00122013218098627,0.8,4.13452443510247,12
"{grapes,tropical fruit,whole milk} => {other vegetables}",0.00203355363497712,0.8,4.13452443510247,20
"{napkins,onions,whole milk} => {other vegetables}",0.00122013218098627,0.8,4.13452443510247,12
"{salty snack,tropical fruit,whipped/sour cream} => {other vegetables}",0.00122013218098627,0.8,4.13452443510247,12
"{butter,long life bakery product,whipped/sour cream} => {other vegetables}",0.00122013218098627,0.8,4.13452443510247,12
"{cream cheese,tropical fruit,whole milk,yogurt} => {other vegetables}",0.00122013218098627,0.8,4.13452443510247,12
"{butter,tropical fruit,whipped/sour cream,yogurt} => {other vegetables}",0.00122013218098627,0.8,4.13452443510247,12
"{domestic eggs,pip fruit,whipped/sour cream,whole milk} => {other vegetables}",0.00122013218098627,0.8,4.13452443510247,12
"{fruit/vegetable juice,root vegetables,whole milk,yogurt} => {other vegetables}",0.00203355363497712,0.8,4.13452443510247,20
"{pip fruit,tropical fruit,whipped/sour cream,whole milk} => {other vegetables}",0.0016268429079817,0.8,4.13452443510247,16
"{citrus fruit,sausage,whipped/sour cream,whole milk} => {other vegetables}",0.00122013218098627,0.8,4.13452443510247,12
"{rolls/buns,root vegetables,tropical fruit,whipped/sour cream} => {other vegetables}",0.00122013218098627,0.8,4.13452443510247,12
"{rice,sugar} => {whole milk}",0.00122013218098627,1,3.91364902506964,12
"{canned fish,hygiene articles} => {whole milk}",0.00111845449923742,1,3.91364902506964,11
"{butter,rice,root vegetables} => {whole milk}",0.00101677681748856,1,3.91364902506964,10
"{flour,root vegetables,whipped/sour cream} => {whole milk}",0.00172852058973055,1,3.91364902506964,17
"{butter,domestic eggs,soft cheese} => {whole milk}",0.00101677681748856,1,3.91364902506964,10
"{butter,hygiene articles,pip fruit} => {whole milk}",0.00101677681748856,1,3.91364902506964,10
"{hygiene articles,root vegetables,whipped/sour cream} => {whole milk}",0.00101677681748856,1,3.91364902506964,10
"{hygiene articles,pip fruit,root vegetables} => {whole milk}",0.00101677681748856,1,3.91364902506964,10
"{cream cheese,domestic eggs,sugar} => {whole milk}",0.00111845449923742,1,3.91364902506964,11
"{curd,domestic eggs,sugar} => {whole milk}",0.00101677681748856,1,3.91364902506964,10
"{cream cheese,domestic eggs,napkins} => {whole milk}",0.00111845449923742,1,3.91364902506964,11
"{oil,root vegetables,tropical fruit,yogurt} => {whole milk}",0.00111845449923742,1,3.91364902506964,11
"{oil,other vegetables,root vegetables,yogurt} => {whole milk}",0.00142348754448399,1,3.91364902506964,14
"{butter,other vegetables,root vegetables,white bread} => {whole milk}",0.00101677681748856,1,3.91364902506964,10
"{butter,other vegetables,pork,whipped/sour cream} => {whole milk}",0.00101677681748856,1,3.91364902506964,10
"{butter,domestic eggs,other vegetables,whipped/sour cream} => {whole milk}",0.00122013218098627,1,3.91364902506964,12
"{citrus fruit,pastry,rolls/buns,whipped/sour cream} => {whole milk}",0.00101677681748856,1,3.91364902506964,10
"{bottled water,other vegetables,pip fruit,root vegetables} => {whole milk}",0.00111845449923742,1,3.91364902506964,11
"{rolls/buns,root vegetables,sausage,tropical fruit} => {whole milk}",0.00101677681748856,1,3.91364902506964,10
"{oil,other vegetables,root vegetables,tropical fruit,yogurt} => {whole milk}",0.00101677681748856,1,3.91364902506964,10
"{cream cheese,other vegetables,sugar} => {whole milk}",0.00152516522623284,0.9375,3.66904596100279,15
"{root vegetables,sausage,tropical fruit,yogurt} => {whole milk}",0.00152516522623284,0.9375,3.66904596100279,15
"{citrus fruit,domestic eggs,sugar} => {whole milk}",0.00142348754448399,0.933333333333333,3.652739090065,14
"{domestic eggs,sugar,yogurt} => {whole milk}",0.00142348754448399,0.933333333333333,3.652739090065,14
"{cream cheese,pip fruit,whipped/sour cream} => {whole milk}",0.00132180986273513,0.928571428571429,3.63410266613609,13
"{other vegetables,rice,root vegetables,yogurt} => {whole milk}",0.00132180986273513,0.928571428571429,3.63410266613609,13
"{beef,rolls/buns,tropical fruit,yogurt} => {whole milk}",0.00132180986273513,0.928571428571429,3.63410266613609,13
"{house keeping products,whipped/sour cream} => {whole milk}",0.00122013218098627,0.923076923076923,3.61259910006428,12
"{bottled water,rice} => {whole milk}",0.00122013218098627,0.923076923076923,3.61259910006428,12
"{root vegetables,soft cheese,whipped/sour cream} => {whole milk}",0.00122013218098627,0.923076923076923,3.61259910006428,12
"{butter,sliced cheese,whipped/sour cream} => {whole milk}",0.00122013218098627,0.923076923076923,3.61259910006428,12
"{butter,hygiene articles,tropical fruit} => {whole milk}",0.00122013218098627,0.923076923076923,3.61259910006428,12
"{domestic eggs,hygiene articles,tropical fruit} => {whole milk}",0.00122013218098627,0.923076923076923,3.61259910006428,12
"{root vegetables,sugar,whipped/sour cream} => {whole milk}",0.00122013218098627,0.923076923076923,3.61259910006428,12
"{long life bakery product,napkins,tropical fruit} => {whole milk}",0.00122013218098627,0.923076923076923,3.61259910006428,12
"{butter,coffee,whipped/sour cream} => {whole milk}",0.00122013218098627,0.923076923076923,3.61259910006428,12
"{hard cheese,other vegetables,root vegetables,yogurt} => {whole milk}",0.00122013218098627,0.923076923076923,3.61259910006428,12
"{frankfurter,root vegetables,tropical fruit,yogurt} => {whole milk}",0.00122013218098627,0.923076923076923,3.61259910006428,12
"{brown bread,other vegetables,pip fruit,root vegetables} => {whole milk}",0.00122013218098627,0.923076923076923,3.61259910006428,12
"{butter,domestic eggs,tropical fruit,yogurt} => {whole milk}",0.00122013218098627,0.923076923076923,3.61259910006428,12
"{domestic eggs,other vegetables,pip fruit,whipped/sour cream} => {whole milk}",0.00122013218098627,0.923076923076923,3.61259910006428,12
"{bottled beer,soups} => {whole milk}",0.00111845449923742,0.916666666666667,3.58751160631383,11
"{citrus fruit,herbs,tropical fruit} => {whole milk}",0.00111845449923742,0.916666666666667,3.58751160631383,11
"{domestic eggs,sugar,tropical fruit} => {whole milk}",0.00111845449923742,0.916666666666667,3.58751160631383,11
"{butter,root vegetables,white bread} => {whole milk}",0.00111845449923742,0.916666666666667,3.58751160631383,11
"{butter,curd,domestic eggs} => {whole milk}",0.00111845449923742,0.916666666666667,3.58751160631383,11
"{butter,citrus fruit,curd} => {whole milk}",0.00111845449923742,0.916666666666667,3.58751160631383,11
"{domestic eggs,fruit/vegetable juice,margarine} => {whole milk}",0.00111845449923742,0.916666666666667,3.58751160631383,11
"{cream cheese,other vegetables,pip fruit,yogurt} => {whole milk}",0.00111845449923742,0.916666666666667,3.58751160631383,11
"{curd,domestic eggs,tropical fruit,yogurt} => {whole milk}",0.00111845449923742,0.916666666666667,3.58751160631383,11
"{butter,domestic eggs,root vegetables,yogurt} => {whole milk}",0.00111845449923742,0.916666666666667,3.58751160631383,11
"{domestic eggs,tropical fruit,whipped/sour cream,yogurt} => {whole milk}",0.00111845449923742,0.916666666666667,3.58751160631383,11
"{domestic eggs,other vegetables,tropical fruit,whipped/sour cream} => {whole milk}",0.00111845449923742,0.916666666666667,3.58751160631383,11
"{fruit/vegetable juice,pip fruit,root vegetables,yogurt} => {whole milk}",0.00111845449923742,0.916666666666667,3.58751160631383,11
"{bottled water,rolls/buns,root vegetables,tropical fruit} => {whole milk}",0.00111845449923742,0.916666666666667,3.58751160631383,11
"{cereals,curd} => {whole milk}",0.00101677681748856,0.909090909090909,3.55786275006331,10
"{pastry,sweet spreads} => {whole milk}",0.00101677681748856,0.909090909090909,3.55786275006331,10
"{frankfurter,frozen meals,tropical fruit} => {whole milk}",0.00101677681748856,0.909090909090909,3.55786275006331,10
"{butter,frozen meals,tropical fruit} => {whole milk}",0.00101677681748856,0.909090909090909,3.55786275006331,10
"{frankfurter,root vegetables,sliced cheese} => {whole milk}",0.00101677681748856,0.909090909090909,3.55786275006331,10
"{berries,butter,sausage} => {whole milk}",0.00101677681748856,0.909090909090909,3.55786275006331,10
"{butter,hygiene articles,napkins} => {whole milk}",0.00101677681748856,0.909090909090909,3.55786275006331,10
"{pork,rolls/buns,waffles} => {whole milk}",0.00101677681748856,0.909090909090909,3.55786275006331,10
"{long life bakery product,napkins,whipped/sour cream} => {whole milk}",0.00101677681748856,0.909090909090909,3.55786275006331,10
"{butter,long life bakery product,sausage} => {whole milk}",0.00101677681748856,0.909090909090909,3.55786275006331,10
"{butter,cream cheese,root vegetables} => {whole milk}",0.00101677681748856,0.909090909090909,3.55786275006331,10
"{cream cheese,pip fruit,sausage} => {whole milk}",0.00101677681748856,0.909090909090909,3.55786275006331,10
"{coffee,domestic eggs,root vegetables} => {whole milk}",0.00101677681748856,0.909090909090909,3.55786275006331,10
"{bottled beer,domestic eggs,margarine} => {whole milk}",0.00101677681748856,0.909090909090909,3.55786275006331,10
"{herbs,other vegetables,root vegetables,tropical fruit} => {whole milk}",0.00101677681748856,0.909090909090909,3.55786275006331,10
"{frozen meals,pip fruit,tropical fruit,yogurt} => {whole milk}",0.00101677681748856,0.909090909090909,3.55786275006331,10
"{butter,sliced cheese,tropical fruit,yogurt} => {whole milk}",0.00101677681748856,0.909090909090909,3.55786275006331,10
"{other vegetables,root vegetables,waffles,yogurt} => {whole milk}",0.00101677681748856,0.909090909090909,3.55786275006331,10
"{cream cheese,other vegetables,pip fruit,root vegetables} => {whole milk}",0.00101677681748856,0.909090909090909,3.55786275006331,10
"{citrus fruit,frozen vegetables,other vegetables,yogurt} => {whole milk}",0.00101677681748856,0.909090909090909,3.55786275006331,10
"{citrus fruit,curd,tropical fruit,yogurt} => {whole milk}",0.00101677681748856,0.909090909090909,3.55786275006331,10
"{butter,napkins,other vegetables,whipped/sour cream} => {whole milk}",0.00101677681748856,0.909090909090909,3.55786275006331,10
"{butter,other vegetables,pork,root vegetables} => {whole milk}",0.00101677681748856,0.909090909090909,3.55786275006331,10
"{brown bread,other vegetables,rolls/buns,root vegetables} => {whole milk}",0.00101677681748856,0.909090909090909,3.55786275006331,10
"{bottled water,butter,citrus fruit,other vegetables} => {whole milk}",0.00101677681748856,0.909090909090909,3.55786275006331,10
"{citrus fruit,domestic eggs,other vegetables,tropical fruit} => {whole milk}",0.00101677681748856,0.909090909090909,3.55786275006331,10
"{pastry,root vegetables,tropical fruit,yogurt} => {whole milk}",0.00101677681748856,0.909090909090909,3.55786275006331,10
"{butter,domestic eggs,other vegetables,tropical fruit,yogurt} => {whole milk}",0.00101677681748856,0.909090909090909,3.55786275006331,10
"{butter,pip fruit,whipped/sour cream} => {whole milk}",0.00183019827147941,0.9,3.52228412256267,18
"{domestic eggs,tropical fruit,whipped/sour cream} => {whole milk}",0.00183019827147941,0.9,3.52228412256267,18
"{butter,root vegetables,tropical fruit,yogurt} => {whole milk}",0.00172852058973055,0.894736842105263,3.50168596979915,17
"{citrus fruit,cream cheese,domestic eggs} => {whole milk}",0.0016268429079817,0.888888888888889,3.47879913339523,16
"{margarine,rolls/buns,whipped/sour cream} => {whole milk}",0.0016268429079817,0.888888888888889,3.47879913339523,16
"{herbs,root vegetables,tropical fruit} => {whole milk}",0.00152516522623284,0.882352941176471,3.45321972800262,15
"{butter milk,root vegetables,yogurt} => {whole milk}",0.00152516522623284,0.882352941176471,3.45321972800262,15
"{citrus fruit,pastry,whipped/sour cream} => {whole milk}",0.00152516522623284,0.882352941176471,3.45321972800262,15
"{beef,other vegetables,rolls/buns,tropical fruit} => {whole milk}",0.00152516522623284,0.882352941176471,3.45321972800262,15
"{rice,root vegetables,yogurt} => {whole milk}",0.00142348754448399,0.875,3.42444289693593,14
"{butter,pork,whipped/sour cream} => {whole milk}",0.00142348754448399,0.875,3.42444289693593,14
"{brown bread,pip fruit,root vegetables} => {whole milk}",0.00142348754448399,0.875,3.42444289693593,14
"{frozen vegetables,margarine,rolls/buns} => {whole milk}",0.00132180986273513,0.866666666666667,3.39182915506035,13
"{butter,onions,other vegetables,root vegetables} => {whole milk}",0.00132180986273513,0.866666666666667,3.39182915506035,13
"{butter,other vegetables,pip fruit,whipped/sour cream} => {whole milk}",0.00132180986273513,0.866666666666667,3.39182915506035,13
"{fruit/vegetable juice,other vegetables,pip fruit,root vegetables} => {whole milk}",0.00132180986273513,0.866666666666667,3.39182915506035,13
"{bottled water,citrus fruit,other vegetables,tropical fruit} => {whole milk}",0.00132180986273513,0.866666666666667,3.39182915506035,13
"{other vegetables,pip fruit,root vegetables,tropical fruit,yogurt} => {whole milk}",0.00132180986273513,0.866666666666667,3.39182915506035,13
"{mustard,oil} => {whole milk}",0.00122013218098627,0.857142857142857,3.35455630720255,12
"{chocolate,pickled vegetables} => {whole milk}",0.00122013218098627,0.857142857142857,3.35455630720255,12
"{frozen fish,root vegetables,yogurt} => {whole milk}",0.00122013218098627,0.857142857142857,3.35455630720255,12
"{frozen fish,other vegetables,yogurt} => {whole milk}",0.00122013218098627,0.857142857142857,3.35455630720255,12
"{curd,herbs,root vegetables} => {whole milk}",0.00122013218098627,0.857142857142857,3.35455630720255,12
"{flour,other vegetables,sugar} => {whole milk}",0.00122013218098627,0.857142857142857,3.35455630720255,12
"{butter,onions,tropical fruit} => {whole milk}",0.00122013218098627,0.857142857142857,3.35455630720255,12
"{bottled water,butter,hygiene articles} => {whole milk}",0.00122013218098627,0.857142857142857,3.35455630720255,12
"{citrus fruit,hygiene articles,root vegetables} => {whole milk}",0.00122013218098627,0.857142857142857,3.35455630720255,12
"{hygiene articles,root vegetables,yogurt} => {whole milk}",0.00122013218098627,0.857142857142857,3.35455630720255,12
"{long life bakery product,napkins,other vegetables} => {whole milk}",0.00122013218098627,0.857142857142857,3.35455630720255,12
"{cream cheese,domestic eggs,whipped/sour cream} => {whole milk}",0.00122013218098627,0.857142857142857,3.35455630720255,12
"{chicken,domestic eggs,sausage} => {whole milk}",0.00122013218098627,0.857142857142857,3.35455630720255,12
"{butter,domestic eggs,pip fruit} => {whole milk}",0.00122013218098627,0.857142857142857,3.35455630720255,12
"{bottled water,butter,whipped/sour cream} => {whole milk}",0.00122013218098627,0.857142857142857,3.35455630720255,12
"{long life bakery product,other vegetables,whipped/sour cream,yogurt} => {whole milk}",0.00122013218098627,0.857142857142857,3.35455630720255,12
"{frozen vegetables,fruit/vegetable juice,other vegetables,root vegetables} => {whole milk}",0.00122013218098627,0.857142857142857,3.35455630720255,12
"{curd,domestic eggs,other vegetables,root vegetables} => {whole milk}",0.00122013218098627,0.857142857142857,3.35455630720255,12
"{citrus fruit,curd,other vegetables,yogurt} => {whole milk}",0.00122013218098627,0.857142857142857,3.35455630720255,12
"{brown bread,citrus fruit,other vegetables,root vegetables} => {whole milk}",0.00122013218098627,0.857142857142857,3.35455630720255,12
"{citrus fruit,domestic eggs,other vegetables,whipped/sour cream} => {whole milk}",0.00122013218098627,0.857142857142857,3.35455630720255,12
"{domestic eggs,other vegetables,pip fruit,root vegetables} => {whole milk}",0.00122013218098627,0.857142857142857,3.35455630720255,12
"{pip fruit,root vegetables,soda,yogurt} => {whole milk}",0.00122013218098627,0.857142857142857,3.35455630720255,12
"{butter,onions,root vegetables} => {whole milk}",0.00172852058973055,0.85,3.32660167130919,17
"{other vegetables,pip fruit,root vegetables,whipped/sour cream} => {whole milk}",0.00172852058973055,0.85,3.32660167130919,17
"{domestic eggs,rice} => {whole milk}",0.00111845449923742,0.846153846153846,3.31154917505892,11
"{baking powder,tropical fruit,yogurt} => {whole milk}",0.00111845449923742,0.846153846153846,3.31154917505892,11
"{curd,frozen meals,yogurt} => {whole milk}",0.00111845449923742,0.846153846153846,3.31154917505892,11
"{frozen meals,root vegetables,tropical fruit} => {whole milk}",0.00111845449923742,0.846153846153846,3.31154917505892,11
"{butter milk,sausage,yogurt} => {whole milk}",0.00111845449923742,0.846153846153846,3.31154917505892,11
"{curd,onions,yogurt} => {whole milk}",0.00111845449923742,0.846153846153846,3.31154917505892,11
"{butter,domestic eggs,onions} => {whole milk}",0.00111845449923742,0.846153846153846,3.31154917505892,11
"{pip fruit,salty snack,yogurt} => {whole milk}",0.00111845449923742,0.846153846153846,3.31154917505892,11
"{citrus fruit,sugar,whipped/sour cream} => {whole milk}",0.00111845449923742,0.846153846153846,3.31154917505892,11
"{butter,cream cheese,whipped/sour cream} => {whole milk}",0.00111845449923742,0.846153846153846,3.31154917505892,11
"{cream cheese,domestic eggs,pip fruit} => {whole milk}",0.00111845449923742,0.846153846153846,3.31154917505892,11
"{citrus fruit,frozen vegetables,napkins} => {whole milk}",0.00111845449923742,0.846153846153846,3.31154917505892,11
"{bottled water,butter,napkins} => {whole milk}",0.00111845449923742,0.846153846153846,3.31154917505892,11
"{butter,napkins,yogurt} => {whole milk}",0.00111845449923742,0.846153846153846,3.31154917505892,11
"{bottled beer,pork,rolls/buns} => {whole milk}",0.00111845449923742,0.846153846153846,3.31154917505892,11
"{butter,other vegetables,pork} => {whole milk}",0.00223690899847483,0.846153846153846,3.31154917505892,22
"{cream cheese,curd,whipped/sour cream,yogurt} => {whole milk}",0.00111845449923742,0.846153846153846,3.31154917505892,11
"{citrus fruit,cream cheese,domestic eggs,other vegetables} => {whole milk}",0.00111845449923742,0.846153846153846,3.31154917505892,11
"{citrus fruit,cream cheese,other vegetables,whipped/sour cream} => {whole milk}",0.00111845449923742,0.846153846153846,3.31154917505892,11
"{brown bread,pip fruit,tropical fruit,yogurt} => {whole milk}",0.00111845449923742,0.846153846153846,3.31154917505892,11
"{brown bread,other vegetables,soda,yogurt} => {whole milk}",0.00111845449923742,0.846153846153846,3.31154917505892,11
"{margarine,rolls/buns,root vegetables,yogurt} => {whole milk}",0.00111845449923742,0.846153846153846,3.31154917505892,11
"{margarine,other vegetables,rolls/buns,root vegetables} => {whole milk}",0.00111845449923742,0.846153846153846,3.31154917505892,11
"{butter,root vegetables,whipped/sour cream,yogurt} => {whole milk}",0.00111845449923742,0.846153846153846,3.31154917505892,11
"{beef,other vegetables,rolls/buns,root vegetables,tropical fruit} => {whole milk}",0.00111845449923742,0.846153846153846,3.31154917505892,11
"{butter,other vegetables,root vegetables,tropical fruit,yogurt} => {whole milk}",0.00111845449923742,0.846153846153846,3.31154917505892,11
"{rolls/buns,root vegetables,waffles} => {whole milk}",0.0016268429079817,0.842105263157895,3.29570444216391,16
"{citrus fruit,frozen vegetables,fruit/vegetable juice} => {whole milk}",0.0016268429079817,0.842105263157895,3.29570444216391,16
"{butter,domestic eggs,whipped/sour cream} => {whole milk}",0.0016268429079817,0.842105263157895,3.29570444216391,16
"{butter,jam} => {whole milk}",0.00101677681748856,0.833333333333333,3.26137418755803,10
"{butter,rice} => {whole milk}",0.00152516522623284,0.833333333333333,3.26137418755803,15
"{other vegetables,rice,tropical fruit} => {whole milk}",0.00101677681748856,0.833333333333333,3.26137418755803,10
"{domestic eggs,herbs,other vegetables} => {whole milk}",0.00101677681748856,0.833333333333333,3.26137418755803,10
"{fruit/vegetable juice,herbs,other vegetables} => {whole milk}",0.00101677681748856,0.833333333333333,3.26137418755803,10
"{herbs,tropical fruit,yogurt} => {whole milk}",0.00101677681748856,0.833333333333333,3.26137418755803,10
"{herbs,rolls/buns,root vegetables} => {whole milk}",0.00152516522623284,0.833333333333333,3.26137418755803,15
"{detergent,other vegetables,whipped/sour cream} => {whole milk}",0.00101677681748856,0.833333333333333,3.26137418755803,10
"{domestic eggs,root vegetables,soft cheese} => {whole milk}",0.00101677681748856,0.833333333333333,3.26137418755803,10
"{frankfurter,sliced cheese,yogurt} => {whole milk}",0.00101677681748856,0.833333333333333,3.26137418755803,10
"{oil,root vegetables,shopping bags} => {whole milk}",0.00101677681748856,0.833333333333333,3.26137418755803,10
"{bottled water,butter,onions} => {whole milk}",0.00101677681748856,0.833333333333333,3.26137418755803,10
"{berries,butter,whipped/sour cream} => {whole milk}",0.00101677681748856,0.833333333333333,3.26137418755803,10
"{hamburger meat,root vegetables,whipped/sour cream} => {whole milk}",0.00101677681748856,0.833333333333333,3.26137418755803,10
"{hygiene articles,margarine,rolls/buns} => {whole milk}",0.00101677681748856,0.833333333333333,3.26137418755803,10
"{butter,citrus fruit,hygiene articles} => {whole milk}",0.00101677681748856,0.833333333333333,3.26137418755803,10
"{hygiene articles,tropical fruit,whipped/sour cream} => {whole milk}",0.00101677681748856,0.833333333333333,3.26137418755803,10
"{long life bakery product,other vegetables,salty snack} => {whole milk}",0.00101677681748856,0.833333333333333,3.26137418755803,10
"{butter,sugar,whipped/sour cream} => {whole milk}",0.00101677681748856,0.833333333333333,3.26137418755803,10
"{long life bakery product,sausage,whipped/sour cream} => {whole milk}",0.00101677681748856,0.833333333333333,3.26137418755803,10
"{cream cheese,pork,yogurt} => {whole milk}",0.00101677681748856,0.833333333333333,3.26137418755803,10
"{cream cheese,frankfurter,yogurt} => {whole milk}",0.00101677681748856,0.833333333333333,3.26137418755803,10
"{chocolate,domestic eggs,sausage} => {whole milk}",0.00101677681748856,0.833333333333333,3.26137418755803,10
"{bottled beer,coffee,yogurt} => {whole milk}",0.00101677681748856,0.833333333333333,3.26137418755803,10
"{beef,butter,curd} => {whole milk}",0.00101677681748856,0.833333333333333,3.26137418755803,10
"{brown bread,domestic eggs,root vegetables} => {whole milk}",0.00152516522623284,0.833333333333333,3.26137418755803,15
"{bottled water,margarine,whipped/sour cream} => {whole milk}",0.00101677681748856,0.833333333333333,3.26137418755803,10
"{herbs,other vegetables,rolls/buns,root vegetables} => {whole milk}",0.00101677681748856,0.833333333333333,3.26137418755803,10
"{butter milk,other vegetables,root vegetables,yogurt} => {whole milk}",0.00101677681748856,0.833333333333333,3.26137418755803,10
"{root vegetables,sliced cheese,tropical fruit,yogurt} => {whole milk}",0.00101677681748856,0.833333333333333,3.26137418755803,10
"{pip fruit,root vegetables,white bread,yogurt} => {whole milk}",0.00101677681748856,0.833333333333333,3.26137418755803,10
"{citrus fruit,frozen vegetables,fruit/vegetable juice,other vegetables} => {whole milk}",0.00101677681748856,0.833333333333333,3.26137418755803,10
"{bottled water,frozen vegetables,other vegetables,root vegetables} => {whole milk}",0.00101677681748856,0.833333333333333,3.26137418755803,10
"{curd,other vegetables,pip fruit,whipped/sour cream} => {whole milk}",0.00101677681748856,0.833333333333333,3.26137418755803,10
"{frankfurter,other vegetables,pip fruit,root vegetables} => {whole milk}",0.00101677681748856,0.833333333333333,3.26137418755803,10
"{domestic eggs,root vegetables,tropical fruit,yogurt} => {whole milk}",0.00152516522623284,0.833333333333333,3.26137418755803,15
"{fruit/vegetable juice,other vegetables,root vegetables,yogurt} => {whole milk}",0.00203355363497712,0.833333333333333,3.26137418755803,20
"{citrus fruit,other vegetables,root vegetables,whipped/sour cream,yogurt} => {whole milk}",0.00101677681748856,0.833333333333333,3.26137418755803,10
"{hard cheese,tropical fruit,yogurt} => {whole milk}",0.00142348754448399,0.823529411764706,3.22300507946911,14
"{butter,hygiene articles,root vegetables} => {whole milk}",0.00142348754448399,0.823529411764706,3.22300507946911,14
"{curd,domestic eggs,other vegetables} => {whole milk}",0.00284697508896797,0.823529411764706,3.22300507946911,28
"{butter,napkins,whipped/sour cream} => {whole milk}",0.00142348754448399,0.823529411764706,3.22300507946911,14
"{butter,pork,yogurt} => {whole milk}",0.00142348754448399,0.823529411764706,3.22300507946911,14
"{domestic eggs,pip fruit,sausage} => {whole milk}",0.00142348754448399,0.823529411764706,3.22300507946911,14
"{beef,rolls/buns,root vegetables,tropical fruit} => {whole milk}",0.00142348754448399,0.823529411764706,3.22300507946911,14
"{frankfurter,other vegetables,tropical fruit,yogurt} => {whole milk}",0.00142348754448399,0.823529411764706,3.22300507946911,14
"{citrus fruit,other vegetables,root vegetables,tropical fruit,yogurt} => {whole milk}",0.00142348754448399,0.823529411764706,3.22300507946911,14
"{herbs,tropical fruit} => {whole milk}",0.00233858668022369,0.821428571428571,3.21478312773577,23
"{citrus fruit,other vegetables,root vegetables,yogurt} => {whole milk}",0.00233858668022369,0.821428571428571,3.21478312773577,23
"{other vegetables,rice,root vegetables} => {whole milk}",0.00183019827147941,0.818181818181818,3.20207647505698,18
"{curd,pip fruit,whipped/sour cream} => {whole milk}",0.00183019827147941,0.818181818181818,3.20207647505698,18
"{rolls/buns,root vegetables,tropical fruit,yogurt} => {whole milk}",0.00223690899847483,0.814814814814815,3.1888992056123,22
"{house keeping products,napkins} => {whole milk}",0.00132180986273513,0.8125,3.17983983286908,13
"{other vegetables,specialty cheese,yogurt} => {whole milk}",0.00132180986273513,0.8125,3.17983983286908,13
"{citrus fruit,herbs,root vegetables} => {whole milk}",0.00132180986273513,0.8125,3.17983983286908,13
"{herbs,other vegetables,tropical fruit} => {whole milk}",0.00132180986273513,0.8125,3.17983983286908,13
"{butter,hard cheese,yogurt} => {whole milk}",0.00132180986273513,0.8125,3.17983983286908,13
"{butter milk,dessert,yogurt} => {whole milk}",0.00132180986273513,0.8125,3.17983983286908,13
"{butter,onions,yogurt} => {whole milk}",0.00132180986273513,0.8125,3.17983983286908,13
"{hygiene articles,pip fruit,sausage} => {whole milk}",0.00132180986273513,0.8125,3.17983983286908,13
"{bottled water,other vegetables,sugar} => {whole milk}",0.00132180986273513,0.8125,3.17983983286908,13
"{cream cheese,domestic eggs,yogurt} => {whole milk}",0.00132180986273513,0.8125,3.17983983286908,13
"{root vegetables,whipped/sour cream,white bread} => {whole milk}",0.00132180986273513,0.8125,3.17983983286908,13
"{frozen vegetables,napkins,other vegetables} => {whole milk}",0.00132180986273513,0.8125,3.17983983286908,13
"{beef,tropical fruit,whipped/sour cream} => {whole milk}",0.00132180986273513,0.8125,3.17983983286908,13
"{curd,margarine,rolls/buns} => {whole milk}",0.00132180986273513,0.8125,3.17983983286908,13
"{domestic eggs,napkins,tropical fruit} => {whole milk}",0.00132180986273513,0.8125,3.17983983286908,13
"{bottled water,butter,pip fruit} => {whole milk}",0.00132180986273513,0.8125,3.17983983286908,13
"{domestic eggs,pastry,tropical fruit} => {whole milk}",0.00132180986273513,0.8125,3.17983983286908,13
"{frozen vegetables,other vegetables,root vegetables,whipped/sour cream} => {whole milk}",0.00132180986273513,0.8125,3.17983983286908,13
"{other vegetables,pip fruit,root vegetables,soda} => {whole milk}",0.00132180986273513,0.8125,3.17983983286908,13
"{cereals,yogurt} => {whole milk}",0.00172852058973055,0.80952380952381,3.16819206791352,17
"{bottled beer,hamburger meat} => {whole milk}",0.00172852058973055,0.80952380952381,3.16819206791352,17
"{rolls/buns,waffles,whipped/sour cream} => {whole milk}",0.00172852058973055,0.80952380952381,3.16819206791352,17
"{long life bakery product,whipped/sour cream,yogurt} => {whole milk}",0.00172852058973055,0.80952380952381,3.16819206791352,17
"{butter,pip fruit,root vegetables} => {whole milk}",0.00172852058973055,0.80952380952381,3.16819206791352,17
"{curd,hamburger meat} => {whole milk}",0.0025419420437214,0.806451612903226,3.15616856860455,25
"{herbs,rolls/buns} => {whole milk}",0.00244026436197255,0.8,3.13091922005571,24
"{butter,soft cheese,yogurt} => {whole milk}",0.00122013218098627,0.8,3.13091922005571,12
"{frankfurter,frozen meals,other vegetables} => {whole milk}",0.00122013218098627,0.8,3.13091922005571,12
"{frozen meals,tropical fruit,yogurt} => {whole milk}",0.0016268429079817,0.8,3.13091922005571,16
"{curd,hamburger meat,other vegetables} => {whole milk}",0.0016268429079817,0.8,3.13091922005571,16
"{butter,hamburger meat,whipped/sour cream} => {whole milk}",0.00122013218098627,0.8,3.13091922005571,12
"{hygiene articles,napkins,tropical fruit} => {whole milk}",0.00122013218098627,0.8,3.13091922005571,12
"{butter,chicken,whipped/sour cream} => {whole milk}",0.00122013218098627,0.8,3.13091922005571,12
"{chocolate,napkins,root vegetables} => {whole milk}",0.00122013218098627,0.8,3.13091922005571,12
"{butter,curd,pip fruit} => {whole milk}",0.00122013218098627,0.8,3.13091922005571,12
"{bottled beer,napkins,rolls/buns} => {whole milk}",0.00122013218098627,0.8,3.13091922005571,12
"{domestic eggs,margarine,whipped/sour cream} => {whole milk}",0.00122013218098627,0.8,3.13091922005571,12
"{butter,citrus fruit,tropical fruit} => {whole milk}",0.0016268429079817,0.8,3.13091922005571,16
"{pip fruit,sausage,whipped/sour cream} => {whole milk}",0.00122013218098627,0.8,3.13091922005571,12
"{chicken,domestic eggs,other vegetables,root vegetables} => {whole milk}",0.00122013218098627,0.8,3.13091922005571,12
"{butter,curd,tropical fruit,yogurt} => {whole milk}",0.00122013218098627,0.8,3.13091922005571,12
"{butter,tropical fruit,whipped/sour cream,yogurt} => {whole milk}",0.00122013218098627,0.8,3.13091922005571,12
"{butter,other vegetables,rolls/buns,whipped/sour cream} => {whole milk}",0.00122013218098627,0.8,3.13091922005571,12
"{citrus fruit,other vegetables,sausage,whipped/sour cream} => {whole milk}",0.00122013218098627,0.8,3.13091922005571,12
"{citrus fruit,tropical fruit,whipped/sour cream,yogurt} => {whole milk}",0.00122013218098627,0.8,3.13091922005571,12
